text,label,notes,pre_labeled
Those massive risks and trusting future revenue from European competitions is what Lendoiro had previously done with Hockey Club Liceo. The results were similar.,analysis,,yes
Absolutely roaring at this picture,reaction,,yes
30 Year Old Yamal Back Post Crosses to 23 year old Raphinha Jr we will be there .,hot_take,,yes
"I also foolishly thought it was normal to have legendary players like Kluivert, Van Nistelrooij, Makaay, Jimmy-Floid Hasselbaink and Van Hooijdonk compete for 1 striker spot at the same time.",reaction,,yes
Pretty sure Jorginho is confirmed going to Flamengo when his contract is up.,analysis,,yes
You should've seen how shit he was when he was a baby! Luckily he's not a baby anymore,reaction,,yes
Then you're a scouser,hot_take,,yes
"What is his natural position, 10/attacking midfielder or right wing? Asking because i don't know what will happen to Chiesa in Liverpool and wouldn't be surprised for him to be a replacement option if the price is right.",analysis,,yes
Well he had his chances. It's not like he was at some midtable Croatian club until he was 28. The lad has tried it in Germany and Italy.,analysis,,yes
Alan Shearer turned down Man Utd,hot_take,,yes
That man refused to admit Lukaku was a good player at inter. Always said that he never scored against big teams even when he scored against every team in the league. Only guy I ever blocked as he kept following me around this place,analysis,,yes
"mertens, carrasco",reaction,,yes
"He's not underrated. He's rated exactly how he should be rated - everyone is very thankful for one of the best individual performances at an international tournament (WC 2018) we've seen from any of our players in our history. Other than that, he's done fuck all for the NT. He's skipped the NT numerous times, was criticized for it and when he didn't skip it, he was most of the times bang average, or even worse than that.",analysis,,yes
Apparently rumoured to get loaned out next season for all we know. Newcastle has been reported but nothing known as of yet.,analysis,,yes
Oooooh you're hard,reaction,,yes
I swear he's been around 10 years now. If hes 21 then he must have come through after/during COVID which can't possibly be true,reaction,,yes
I'm heavy into Pep and Arteta having a weirdo off while Slot is off his nut in Ibiza. The one bald to rule them all.,reaction,,yes
"Nuno has won an Emirates Cup and Pep hasn't, I know who my bald GOAT is",hot_take,,yes
Despite all their best efforts,reaction,,yes
Winning the final gets CL football.,analysis,,yes
"Often injured, and has lost a lot of his pace, which was his main weapon. He's also quite unreliable defensively compared to Veltman, but has really improved his delivery and passing game. There's a PL player there for a squad that uses wingbacks, I just don't think that's us.",analysis,,yes
"According to https://www.messivsronaldo.app Messi has 192 assists in La Liga, I'm curious to know which one fbref didn't count",analysis,,yes
"Pep, please stop lol.",reaction,,yes
"he's pulled the greatest underdog story in history, he's one of the greats",hot_take,,yes
"Well.... one of spurs and united are in the CL guaranteed, and City are not guaranteed yet. Checkmate, yahtzee, gin and numberwang",hot_take,,yes
I think we can start respecting the 4th place trophy as well.,hot_take,,yes
He can't leave until every ounce of homophobia is quelled in the Netherlands.,hot_take,,yes
Yeah the Chelsea bit is especially weird.,reaction,,yes
"Boss we're not doing this… community shield isn't a trophy, it's a dinner plate",hot_take,,yes
"pep's won the lot and he still thinks it's a trophy, I'd believe him over any redditor tbh",hot_take,,yes
Now I know he is baiting us.,reaction,,yes
"I remember he was really highly rated, even last season people were saying he's way too good for the Championship.",analysis,,yes
"And he was sold in the winter for like 1,5 million to Sevilla. I mean back then nobody knew but... that was a steal.",analysis,,yes
No he isn't.. what an absurd take for someone who is only 21 years old..,hot_take,,yes
"I always liked Doucoure, even back at Watford. Wouldn't mind him at Newcastle as a squad player but he seems to not want to take a big pay cut. Surprised to hear he's divisive, my two Uncles who are Toffees both rate him highly and want him tied down.",analysis,,yes
"Simple, the rotation got injured, so easier to go over the limit. Add to that a shit ton of minutes playing a man down early in the season and your recipe for disaster is right there",analysis,,yes
Mbappe to Madrid,hot_take,,yes
Fucking choked lmao,reaction,,yes
Give it a few seasons,reaction,,yes
"They platform anti trans hate groups who advocate for our eradication from society like Sex Matters or the LGB alliance regularly, completely unchallenged",hot_take,,yes
Is it fair to say he's their second greatest manager in the 21st century after David Moyes,hot_take,,yes
"TBF he does actually mention that United and Spurs can still qualify for the CL and win a trophy in the full interview, and that Chelsea can win the conference league.",analysis,,yes
"Napoli, as a team and all the stuff that gravitates around it, makes it really hard to be the coach. It gets tiring. At the post match conference yesterday, Conte was basically an empty shell",analysis,,yes
He's younger than Jude somehow,reaction,,yes
"you go get them Pep, use the party tray as shield.",reaction,,yes
If Milner doesn't then I can't see anyone beating Gareth Barry's record. An unreal achievement from that lad.,analysis,,yes
"He's like my mum, forever 21. She's been 21 since 1988",reaction,,yes
Since the start of the 24/25 season Matt O'Riley has made more appearances on Fabrizio Romano's twitter page(13) than starts in the Premier League (11).,analysis,,yes
"We did last summer with Zirkzee, then dragged the Urgarte deal for 2 months, and we still paid what they asked.",analysis,,yes
Hendo cracked him,reaction,,yes
"He said Champions League rivals, let me honest ye aren't quite there, yet.",hot_take,,yes
And conference league final!,reaction,,yes
this is just people on the right going 'fake news'. there is nothing to suggest the BBC fall on the left of anything,analysis,,yes
And Brentford.,reaction,,yes
That's it if Pep gets to claim community shields then I can too,reaction,,yes
Chelsea were clear favourites for conference start of the season and likewise united/spurs would've been favourites for Europa start of the season how is that great for the neutral lmao,analysis,,yes
Might as well book the open top bus parade now.,reaction,,yes
quality banter,reaction,,yes
"Because basically everybody in Prem spends 100M each season. If you spend 100M in a league that doesn't have more money than sense, then it's close to impossible to not finish in the top half after spending that kind of money.",analysis,,yes
I've assumed Carson has a been on a rolling 1 year at a time renewal for a decade now tbh.,analysis,,yes
"Armstrong probably moves into the senior team as well, and MAYBE Dixon, although he's much less likely to",analysis,,yes
"And if people were sticking to the football, it wouldn't be locked.",analysis,,yes
Every now and then I remember Leicester won the league and just... what the fuck,reaction,,yes
Who is defending the genocide or diminishing it? Saying 'This football forum isn't a great place for discussing genocide' isn't defending said genocide.,analysis,,yes
"Actually I think you'll find Pep, teams like Aston Villa have this century have won prestigious trophies like the 2001 Intertoto cup.",hot_take,,yes
On a football forum.,reaction,,yes
"Also good dribbler - 2.48 successful take-ons per 90, 91st percentile for attackers/wingers. How is his workrate? Stats don't show that.",analysis,,yes
Maybe his balding is spreading to his brain,reaction,,yes
"Ever since the 'We shouldn't give cards in a game like this' excuse, it's seriously undermined the integrity of the sport. The moment or context of the game shouldn't influence the outcome of what is clearly a cardable offense.",analysis,,yes
"Forget all that... Northern Mariana islands 2007 squad, Lukas Knecht (14 years and 2 days) and Wes Bogdan 2007 (48)... 34 years 7 months 2 days was the difference...",analysis,,yes
"He was actually good for us. A few were disappointed we didn't sign him, but it won't happen now.",analysis,,yes
loooooooooooooooooool,reaction,,yes
I think you'll find there's still a Europa League final to be played Josep.,analysis,,yes
I for some reason just can't comprehend that Cherki is still only 21.,reaction,,yes
Trent isn't fully confirmed tho unless I missed something,analysis,,yes
"Tudor isn't impressing too much. His main skill is allegedly being able to apply a style super fast and get results but it's not happening and it's already 2 months now. Quite frankly, the only reason we are 4th is because the rest of the competitors are fucking up at the same pace as we do.",analysis,,yes
It's okay I forgive you babe.,reaction,,yes
An injury set Rakitic behind when the team of Schalke had like 40 players. Another player used their chance and Rakitic only played sparsely anymore.,analysis,,yes
That's 7 surgeries in one season. 1. Jesus 2. Tomiyasu 3. Ben White 4. Gabriel 5. Kai Havertz 6. Bukayo Saka 7. Jurrien Timber,analysis,,yes
"This is A BIT like Fergie dragging those makeshift United squads to titles. Our season has been so cursed with injuries that if we had a lesser quality manager, we would for sure not make CL semis and be battling hard for top 6.",analysis,,yes
"Probably the same reason he has left his other teams, the club not wanting to spend money on his transfer targets.",analysis,,yes
DCL - Been turning down contract offers over last 18 months... Doucoure - Love the man but isn't good enough a player to tie down to a new long term contract... Keane - Should have left years ago...,analysis,,yes
"Vinicius is super overrated anyway. Haaland is still clearly the better player. He's had far better seasons than this one, and his team struggled greatly this year.",hot_take,,yes
Talent ID is overrated. Club structure for talent development matters so much more. Leny Yoro wouldn't have been starting at Madrid.,hot_take,,yes
"Foden is the most overrated player in world football. Don't hold back, mate. Tell us how you really feel!",reaction,,yes
De Gea in general is overrated,hot_take,,yes
Lamine Yamal is an overrated dribble and banger merchant,hot_take,,yes
"He's so overrated, literally scores the same goal every time.",hot_take,,yes
"The Salah disrespect is insane, hopefully one day the UCL stops getting overrated to the level it is.",hot_take,,yes
"I think it's truly an end of an era for City. Foden is the most overrated player in world football, Kovacic is a decent squad player nothing more and Nunes is shite. Doku is nothing more than a show pony.",analysis,,yes
I think Xabi Alonso is a little bit overrated when it comes to his Liverpool legacy. He was NEVER afforded that much time and space to get on the ball again in England.,analysis,,yes
I've been saying for years he might be the most overrated player ever. Just a poacher who piles on goals against mid to low table teams. Look how few goals he puts up against top teams.,hot_take,,yes
He is so Fucking overrated. Neanderthal looking mofo,hot_take,,yes
Nah there's a lot that bring up how the WC elevated him to get the golden glove and he's overrated as a result and shouldn't be considered near top gks in the world,analysis,,yes
Swedish flag so the song gets overrated. It's like English player tax,hot_take,,yes
Harry Kane is the most overrated player of all time. He is the reason spurs has the trophy curse. His goal scoring record isn't too impressive compared to modern top strikers.,hot_take,,yes
"It must have been tough for Mbappé. PSG fans hate him for leaving, Madrid fans hate him because they feel he's not delivering, is overrated, and was a bad signing due to his position.",analysis,,yes
"Agreed. I rate him, I'd love to have him here, but he is overrated in terms of price-tag and current level.",hot_take,,yes
"Reigning PFA player of the year and local lad Foden comes off the bench and puts in another nothing performance. Most overrated, overhyped and over protected player of his generation",hot_take,,yes
Doku is overrated shite,hot_take,,yes
Gonna take the chance to add that I think Oasis are massively overrated. Stone Roses and Happy Mondays are much better imo.,hot_take,,yes
Zidane was a great player but his legend has got ridiculous. He is definitely overrated nowadays,hot_take,,yes
"Massively overrated player, always has been",hot_take,,yes
Crazy how city managed to have the two most overrated players in history (Haaland and Foden) at the same time,hot_take,,yes
"mate I've been saying this about foden for over 2/3 seasons now. I just don't rate him as much. I don't think he's an awful player, just severely overrated especially by the media",hot_take,,yes
"Always thought he was grossly overrated, just been exposed for lack of depth this year",hot_take,,yes
Kevin DeBruyne remains the most overrated footballer of all time.,hot_take,,yes
Cristiano > Pepe > Bernardo > Figo(overrated Beckham was better),hot_take,,yes
"R9 is overrated overall is my hot take, people put him in the GOAT conversation when he's had neither the peak or longevity",hot_take,,yes
"Benitez is the worst manager his club has had this century, man had no credentials to coach this club. Most overrated Spanish manager this century.",hot_take,,yes
"'Underrated', 'Overrated' and 'Bottlejob' are probably the three most misused words in modern football.",analysis,,yes
"You know, I've seen a lot of older folks say Zidane is vastly overrated because he wasn't actually that consistent of a player.",analysis,,yes
"A bit overrated maybe but I do think he's a really good keeper, his cross claiming and penalty saving is easily up there with the best.",analysis,,yes
"Who needs midfielders, I always thought they were overrated",hot_take,,yes
I think he's a quality keeper who ends up performing at a class level with country so that elevates his perception. I think he's a bit overrated but nothing crazy,analysis,,yes
He's super overrated defensively tbh but still better than Trent. He's still inexperienced and shows it defensively,hot_take,,yes
he is tenth in the league why he talks like he won serie a. overrated coach,hot_take,,yes
Once Atletico fans realise just how far below Oblak's level Martinez is they would be begging for him back. Martinez is an average keeper with a good highlights reel.,hot_take,,yes
Sure but as always people have taken it to the point that he is closer to being underrated than overrated,analysis,,yes
"People think he's overrated, not shit. I agree with them. He's very good, but not the best in the world, like some people say he is",analysis,,yes
"He is way below the level of Oblak. Can't think of many more overrated players in the world. He's is a very average keeper, who had a good World Cup and has been dining out on it ever since.",hot_take,,yes
I feel like theres a slight disconnect about how good this spurs team is but I'd like to say they are shit. Their back 4 is overrated as fuck.,hot_take,,yes
"potential is wildly overrated in modern football transfers. Harry Kane, an actual top striker, was paid little much more than that the same summer.",analysis,,yes
"I remember earlier this season, when Bruno got 2 red cards in a row, everyone said that he was washed and overrated. Such a class player, probably the best Portuguese player atm",hot_take,,yes
They really aren't beating the overrated allegations here,reaction,,yes
One trick pony. Overrated. Will be gone by mid season next year for sure,hot_take,,yes
"You can be overrated and still be a good keeper. Martinez is winning awards for best goalkeeper in the world, when there's multiple goalkeepers who are better than him.",analysis,,yes
Being overrated and being bad are two very different things.,analysis,,yes
Arsenal flairs saying Dibu is overrated almost never fails. You read 'Dibu is overrated' check flair and it's an Arsenal flair.,analysis,,yes
In almost every Dibu thread one of the most upvoted comments is an EPL flair saying he's overrated because of the World Cup or only good at penalties.,analysis,,yes
To be fair another video on the front of r/soccer is of Martinez crying and there all the comments are about how overrated he is,analysis,,yes
Nah especially this season most upvoted comments on posts about him are about him being overrated because of the world cup,analysis,,yes
"Crazy how everyone in r/soccer thinks he is the worst keeper in the prem and hugely overrated, then Villa fans and Argentinians who actually see him play week in week out love him",analysis,,yes
We can't even lose 1-0 without me coming into r/soccer and seeing a highly upvoted post celebrating how many goals Bruno has. Overrated,hot_take,,yes
"Emi is both overrated and underrated a bit. He is a good not great keeper. He is a good keeper, any team without one would be happy to have him but he is not an Alison, Oblak, Courtois tier of keeper.",analysis,,yes
"He was kind of a snake, but he was always overrated anyway.",hot_take,,yes
Just as we should be. Being liked by other fans is overrated,hot_take,,yes
Desperately hoping Mazraoui gets benched for the final. What an overrated player.,hot_take,,yes
I swear I see you in every Bruno thread saying the same shit about him being overrated lol,reaction,,yes
"Klopp only won 1 PL title, was he actually like so overrated. People say this now lol",reaction,,yes
Maybe Son is a bit overrated,hot_take,,yes
"Social media just feeds hyperbolic nonsense, tomorrow they can get an injury or play 2 matches poorly and they were never good and 'overrated'.",analysis,,yes
"Madrid lost league titles with 96, 92, 85, 87, 92, 90 points during that overlap. Barca always had fewer goals conceded, and that was the difference most of the time.",analysis,,yes
Kimmich is a good player but he is seriously overrated.,hot_take,,yes
agreed he's extremely overrated if they think 100m is what he's worth.,hot_take,,yes
No idea how people can still claim Foden is overrated in the year of our lord 2025.,hot_take,,yes
I said 5 months ago Barca should accept Juve's offer for Araujo as he's incredibly overrated and injury prone. I got down voted like crazy and called an idiot.,hot_take,,yes
"Varane is one of the most overrated defenders of his generation, what a weird example to use.",hot_take,,yes
Ramos was so overrated it's not even funny.,hot_take,,yes
Yeah it's the Derek Jeter phenomenon. People overrate both because they were charismatic captains of popular teams. Jeter won 5 gold gloves despite being statistically the worst defensive player in MLB history.,analysis,,yes
his contributions that season are vastly overrated. He played well until November and had like two good performances for the rest of the season,hot_take,,yes
Leao is so overrated.,hot_take,,yes
"yeah, Leao is also quite overrated, I think we should cash in and sell him but then again I have no trust in the management making the right moves",hot_take,,yes
"And while we're at it, Johan Cruyff is overrated.",hot_take,,yes
"1 penalty and 1 tap-in and 1 decent goal should automatically qualify you for the MVP? He was literally non-existent for 80+ min, genuinely the most overrated performance oat.",hot_take,,yes
"I'll always maintain that he's the most overrated Liverpool legend of all time. Had two great seasons with us, the rest were anywhere from mediocre to poor.",hot_take,,yes
"Amad has 2 more g/a than Kulu who is supposedly your best player, in 8 less games. Amad is miles clear of Kulu. Kulu is crazy overrated cause he scores some aesthetically pleasing goals.",analysis,,yes
Jordi Alba was just weak and got overrated by being a sidekick of Messi.,hot_take,,yes
De Ligt is wildly overrated,hot_take,,yes
"That was why I thought Jordi Alba was overrated. Football is a game mixed of Physicality, Skills, Intelligence and Mentality.",analysis,,yes
He was a hothead and somewhat of an idiot but to say that he's hugely overrated is plain and simple dumb. He was the best/second best LB in the world for a long period of time alongside Marcelo,analysis,,yes
System managers are overrated,hot_take,,yes
Alba was not overrated. One of the best overlapping fullbacks in the world but his mentality wasn't great.,hot_take,,yes
Always thought Alba was a hugely overrated LB.,hot_take,,yes
"Overrated English players for overprice, yep.",hot_take,,yes
curry mile is so overrated,reaction,,yes
"No thanks, he's overrated af",hot_take,,yes
"Joan Garcia feels kind of overrated, I would've had that surely",hot_take,,yes
Oh what I'd give for Son and Davies to link up for the winner on Wednesday. The last remnants of the Poch era finishing the story together,reaction,,yes
What the hell is going on with that armband,reaction,,yes
What a stupid decision,reaction,,yes
Absolutely incredible. What a final chapter to one of the greatest managers of this generation.,reaction,,yes
"He's so loved. His last game at Allianz when he joined the fans with the fan chants, that was pure love.",reaction,,yes
What a gunner!,reaction,,yes
"Superb career, and what a sweet volley!",reaction,,yes
Forever my favorite team in Spain. So sad what's happened to them.,reaction,,yes
What a fella… a true gentleman of the game,reaction,,yes
"Cherki! You know what city is just as beautiful as Lyon!? DORTMUND ofcourse, don't bother googling it just trust me bro. Please come!",reaction,,yes
I have no idea what this means,reaction,,yes
How have you gotten that from what he said,reaction,,yes
He wasn't bald enough for what Ajax wanted.,reaction,,yes
Used to be Hazard Oscar Willian. I look back fondly at Willian nowadays.,reaction,,yes
We're back in the Champions League!!!!!!,reaction,,yes
Unbelievable scenes at the Bernabeu tonight,reaction,,yes
I cannot believe what I just watched,reaction,,yes
That save. Absolute worldie.,reaction,,yes
My heart is still racing from that finish,reaction,,yes
Get in!! What a goal that was,reaction,,yes
He's done it again. Absolute scenes.,reaction,,yes
That result came out of nowhere. Wow.,reaction,,yes
I'm speechless. That second half was something else.,reaction,,yes
No way that just happened. No way.,reaction,,yes
Crying at my desk right now not gonna lie,reaction,,yes
That's one of the best goals I've ever seen live,reaction,,yes
Absolute madness in the 94th minute,reaction,,yes
"Salah's underlying numbers this season are staggering — 0.71 xG+xA per 90, which puts him ahead of every other winger in Europe's top five leagues.",analysis,,yes
The reason City struggled this season is structural. Without Rodri they had no one to break lines and the pressing intensity dropped from 8.1 PPDA to over 12.,analysis,,yes
Bellingham's positional play is what makes him elite. He's averaging 4.1 progressive carries per 90 while also covering 11.2km — that combination is almost unique at this level.,analysis,,yes
The gap between the PL and La Liga in terms of pressing intensity has closed significantly over the last 3 seasons. La Liga average PPDA is now 10.2 vs 9.8 in the PL.,analysis,,yes
"What people miss about Trent is that his passing range isn't just volume — his passes into the final third have a 78% completion rate, higher than any other fullback in Europe.",analysis,,yes
Mbappe will never win a Ballon d'Or. The window has already closed.,hot_take,,yes
The Premier League is the most overrated league in the world. The tactical quality is embarrassing compared to Serie A.,hot_take,,yes
Ronaldo is a better player than Messi. Always has been. The stats back it up if you actually look at them honestly.,hot_take,,yes
Neymar at his peak was better than both of them. Change my mind.,hot_take,,yes
VAR has completely ruined football and should be scrapped immediately.,hot_take,,yes
The Champions League lost all its magic the moment they expanded it. It means nothing now.,hot_take,,yes
Erling Haaland is a flat track bully who disappears in big games. The numbers don't lie.,hot_take,,yes
Modern football is unwatchable. The 90s and early 2000s was the golden era and it's not close.,hot_take,,yes
